,carat,cut,price,x,y,z
0,2.19,Good,13978,8.26,8.17,5.23
1,1.22,Ideal,5099,6.89,6.95,4.22
2,0.7,Ideal,2874,5.77,5.73,3.51
3,0.4,Very Good,1033,,4.76,2.9
4,1.03,Ideal,5037,6.54,6.5,3.97
5,0.52,Premium,1911,5.15,5.2,3.16
6,1.75,Ideal,7409,7.78,7.75,4.78
7,0.36,Ideal,1094,4.59,4.62,2.8
8,0.41,Ideal,1105,4.78,4.81,2.93
9,0.33,Premium,666,4.44,4.52,2.7
10,0.31,Very Good,471,,4.41,2.59
11,,Very Good,9818,7.41,7.47,4.58
12,0.72,Ideal,2647,5.7,5.72,3.58
13,0.43,Very Good,774,4.78,4.85,3.06
14,1,Premium,4200,6.4,6.28,3.96
15,0.26,Ideal,397,4.09,4.1,2.55
16,0.46,Ideal,1955,4.95,·õè·ö© ·ö±·ö¢·öæ·õñ,3.11
17,0.4,Very Good,882,,4.68,2.98
18,0.38,,871,4.74,4.77,2.79
19,2.01,Good,17115,7.99,8.04,4.99
20,1.51,Fair,11102,7.55,7.39,4.36
21,0.32,Ideal,645,4.4,4.42,2.71
22,0.56,Ideal,2429,5.27,5.34,3.26
23,0.35,Very Good,,4.54,4.58,2.77
24,0.31,Premium,872,4.39,4.32,2.67
25,1.07,Ideal,6917,6.58,6.52,4.05
26,0.9,Good,4485,6.1,6.14,3.83
27,0.71,Ideal,2633,5.76,5.69,3.52
28,0.82,Ideal,2986,6,,3.71
29,1.07,,5264,6.55,6.61,4.07
30,0.28,Good,492,4.15,4.18,2.69
31,1.07,Ideal,4918,6.56,6.51,4.05
32,0.72,Ideal,2456,5.75,,3.56
33,0.57,Ideal,1571,5.35,5.3,3.27
34,1.02,Ideal,4207,6.47,6.51,4.01
35,1,Premium,4930,6.55,6.49,3.96
36,0.79,IDEAL,3417,5.91,5.94,3.7
37,0.53,,1308,5.13,,3.23
38,0.51,Very Good,1569,5.07,,3.19
39,0.3,Very Good,394,4.24,4.27,2.68
40,0.74,Ideal,2557,5.86,5.88,3.57
41,0.76,Premium,2789,5.92,,3.58
42,1.71,Very Good,9170,7.58,7.65,4.77
43,0.91,Very Good,3189,6.23,6.28,3.77
44,1.5,Good,9954,7.46,7.34,4.42
45,0.5,Ideal,1746,5.14,5.09,3.15
46,0.5,Ideal,1779,5.13,5.14,3.13
47,0.92,Ideal,3181,6.21,6.26,3.85
48,1.51,Premium,9513,7.3,7.28,4.59
49,2.06,Ideal,14120,8.1,8.14,5.07
50,0.7,Very Good,1940,5.75,,3.46
51,0.34,Ideal,805,4.45,4.48,2.78
52,,Premium,4815,6.67,6.73,3.99
53,2,Good,,7.88,8.01,5.07
54,0.59,Ideal,1684,,5.4,3.34
55,0.9,Premium,4386,,6.21,3.82
56,1.01,Ideal,5154,6.43,6.47,3.98
57,1.23,Ideal,6750,6.94,,4.27
58,1.56,Ideal,11047,7.48,7.52,4.59
59,1.02,Premium,4207,6.5,6.54,3.9
60,0.65,,5052,5.58,5.61,3.41
61,0.71,Premium,2853,5.73,5.66,3.57
62,0.3,Good,775,4.23,4.27,2.7
63,0.47,Ideal,782,5.01,5.05,3.11
64,0.32,Ideal,758,4.34,4.38,2.72
65,0.58,Very Good,2714,5.44,5.49,3.28
66,0.58,Premium,1439,5.42,5.33,3.21
67,0.54,Ideal,1381,5.22,5.25,3.22
68,0.79,Ideal,2846,5.96,5.91,3.65
69,1.5,Good,8518,7.2,7.16,4.58
70,,Ideal,8451,6.54,,4.01
71,1.2,Ideal,6569,6.87,6.82,4.19
72,0.25,Very Good,388,4.05,4.07,2.54
73,1.04,Premium,8722,6.68,6.66,3.95
74,1.51,Fair,8869,7.16,7.09,4.65
75,0.4,Ideal,1168,4.75,4.78,2.95
76,,Premium,11020,7.9,7.84,4.62
77,0.4,Ideal,,4.71,4.65,2.94
78,1.1,Ideal,5273,6.62,6.65,4.1
79,0.81,Ideal,3192,5.97,6.02,3.73
80,1.5,,12606,7.12,7.1,4.65
81,0.36,Premium,1013,,4.55,2.8
82,0.91,Ideal,3267,6.23,6.26,3.79
83,0.41,Good,827,4.67,4.7,2.94
84,1.19,Ideal,6335,6.76,6.81,4.23
85,0.26,very good,657,4.09,4.13,2.53
86,1.5,Good,9828,7.48,7.44,4.32
87,0.7,Good,2209,5.57,5.63,3.51
88,0.53,Ideal,1377,5.22,5.29,3.22
89,0.55,Very Good,1669,5.16,5.21,3.23
90,1.06,IDEAL,5362,6.55,6.59,4.01
91,0.42,Ideal,1179,4.82,4.87,2.96
92,1.01,Premium,4355,6.48,6.42,3.99
93,0.3,Ideal,450,4.3,4.34,2.65
94,0.73,Ideal,2167,5.77,5.8,3.59
95,0.72,Very Good,2530,5.7,5.72,3.57
96,0.93,Premium,3802,6.25,6.2,3.84
97,1.01,Ideal,8869,,6.47,3.97
98,0.9,Very Good,3812,6.13,6.04,3.8
99,1.5,Good,6746,7.3,7.32,4.45
100,1.23,Ideal,6088,6.82,,4.24
101,0.52,Very Good,1073,5.13,5.1,3.24
102,0.4,Ideal,728,4.72,4.74,2.93
103,,Ideal,495,4.39,4.36,2.64
104,1.01,Ideal,4875,6.45,6.42,4
105,0.38,Ideal,1066,4.69,,2.9
106,0.59,Very Good,1986,,5.54,3.26
107,1.11,Very Good,3730,6.55,6.46,4.11
108,1.01,Very Good,10800,6.35,6.41,4.02
109,0.8,Very Good,2487,6.09,6.18,3.5
110,0.31,Premium,680,4.29,4.33,2.7
111,0.35,Ideal,771,4.54,4.58,2.81
112,1.14,Ideal,7354,6.69,6.72,4.15
113,1.2,Very Good,8032,6.74,6.69,4.24
114,0.55,Ideal,,,5.23,3.22
115,0.4,,850,4.68,4.72,2.99
116,0.76,very good,2551,5.79,5.83,3.68
117,0.36,Ideal,568,4.57,4.58,2.84
118,0.78,Very Good,2512,5.99,5.95,3.58
119,1.02,Premium,4455,6.42,6.36,4
120,0.6,Ideal,2061,5.41,5.42,3.36
121,0.9,Good,3115,6,6.1,3.89
122,0.5,very good,1764,5.05,5.07,3.18
123,,Premium,1082,4.65,4.61,2.82
124,1.17,Good,4826,6.57,6.73,4.24
125,0.3,Premium,878,4.27,4.23,2.64
126,,Very Good,,,,2.47
127,1.5,Ideal,,7.33,7.27,4.54
128,1.25,Good,6440,6.76,6.71,4.31
129,0.61,Premium,1800,5.43,,3.41
130,0.97,Good,4900,6.46,6.36,3.85
131,0.82,Ideal,,5.97,6.01,3.72
132,1,Very Good,6449,6.31,6.38,3.96
133,1.05,IDEAL,8820,6.61,6.58,3.99
134,0.37,Very Good,681,4.61,4.64,2.88
135,0.54,Very Good,1813,5.24,5.25,3.2
136,,Ideal,,,,3.54
137,1.07,Very Good,3655,6.52,6.46,4.12
138,0.3,Premium,608,4.4,4.34,2.64
139,0.36,Premium,537,,4.62,2.76
140,0.9,GOOD,3881,6.11,6.09,3.88
141,0.51,Premium,1056,5.08,4.99,3.17
142,1.3,Ideal,8124,7.03,6.93,4.38
143,0.62,Premium,1253,5.52,5.42,3.35
144,0.72,Premium,,5.85,5.81,3.46
145,0.27,Very Good,544,4.21,4.22,2.53
146,0.43,Ideal,1062,4.87,4.9,2.97
147,0.35,Premium,906,4.55,,2.81
148,0.77,Very Good,3829,5.84,5.78,3.65
149,1.7,Ideal,11228,7.68,,4.78
150,0.33,Very Good,893,4.4,4.44,2.75
151,0.9,Very Good,4309,6.19,6.11,3.89
152,0.36,Ideal,537,4.54,4.59,2.86
153,0.51,Good,1424,5.14,5.11,3.13
154,0.32,Very Good,931,4.49,4.45,2.72
155,,Premium,8736,7.03,6.92,4.23
156,0.78,Ideal,2722,5.95,5.99,3.66
157,0.3,Ideal,844,4.32,4.29,2.66
158,0.51,".,nd",1787,5.18,5.24,3.11
159,1.05,Ideal,7526,6.62,6.56,4.02
160,0.71,Very Good,3464,5.68,5.76,3.58
161,1.21,Premium,5529,6.96,6.9,0
162,1.07,Premium,4319,6.79,,3.93
163,0.56,Good,1712,5.36,5.42,3.19
164,1,Premium,3472,6.62,6.5,3.87
165,0.5,,1304,5.08,5.12,3.16
166,0.4,Ideal,1125,4.74,4.72,2.94
167,0.62,Ideal,1297,5.46,5.49,3.41
168,,Ideal,,,,4.1
169,0.51,Premium,1709,5.08,5.05,3.19
170,0.34,Premium,803,4.48,4.44,2.8
171,0.4,Very Good,720,4.66,,2.92
172,1,Very Good,3991,6.35,6.43,4.01
173,0.32,Very Good,792,4.43,4.45,2.71
174,1.14,Very Good,7293,6.87,6.91,4.02
175,0.3,Premium,658,4.37,4.39,2.59
176,0.5,Ideal,2033,5.07,5.11,3.16
177,0.33,Premium,557,4.42,4.4,2.76
178,1.17,Ideal,4883,6.74,6.77,4.21
179,1.5,Ideal,15788,7.34,7.37,4.56
180,0.55,Ideal,1037,5.24,5.27,3.29
181,0.64,Good,1838,5.69,5.75,3.3
182,0.33,Very Good,696,4.46,4.49,2.69
183,0.41,Very Good,947,,4.74,3.01
184,0.54,Ideal,2951,5.27,5.28,3.25
185,1.09,Ideal,8305,6.68,6.73,4.04
186,0.9,Very Good,4136,6.13,6.19,3.79
187,0.7,Good,1851,5.6,5.53,3.58
188,2.01,Premium,17347,8.13,8.06,5
189,1.22,Ideal,5649,6.86,6.87,4.22
190,0.71,Ideal,2511,5.72,,3.56
191,0.31,GOOD,571,4.27,4.3,2.74
192,0.73,Ideal,2805,5.77,5.81,3.58
193,0.31,GOOD,625,4.28,4.29,2.71
194,1,Very Good,4753,6.33,6.37,3.99
195,0.4,Ideal,951,4.72,4.74,2.94
196,0.32,Premium,1235,4.4,4.43,2.68
197,0.23,Very Good,402,3.84,3.89,2.45
198,0.5,Premium,1431,5.15,5.05,3.17
199,0.7,Premium,2394,5.81,5.79,3.46
200,0.71,Very Good,1917,5.63,5.67,3.59
201,0.35,Premium,,4.54,4.49,2.78
202,1.01,Premium,5939,6.42,6.36,4.01
203,0.34,Premium,765,4.48,4.44,2.73
204,0.81,premium,2344,6.03,5.97,3.62
205,0.76,Very Good,3261,5.91,5.97,3.59
206,0.7,Very Good,3039,5.67,5.7,3.47
207,1.22,ideal,8014,6.77,6.83,4.27
208,0.23,Ideal,423,3.88,3.92,2.44
209,1,Premium,3634,6.38,6.3,3.93
210,0.58,Premium,1407,5.52,5.39,3.19
211,0.36,Ideal,794,4.57,4.6,2.82
212,,Ideal,687,4.67,4.7,2.9
213,1.59,Very Good,7835,7.51,7.56,4.64
214,1.22,Ideal,7923,6.83,6.91,4.26
215,,Premium,579,4.42,4.46,2.71
216,0.33,Very Good,752,4.43,4.5,2.72
217,1.01,Premium,4038,6.38,6.27,3.93
218,1.12,Very Good,5375,6.67,6.71,4.13
219,1.07,Premium,5123,6.65,,4.01
220,0.74,Ideal,4082,,5.83,3.61
221,1.15,Premium,5384,6.68,6.63,4.19
222,0.66,,1311,5.62,5.64,3.47
223,2.07,Premium,13675,8.16,8.2,5.03
224,1.5,Good,9892,7.27,7.32,4.39
225,0.51,Very Good,1227,5.09,5.06,3.22
226,1.43,Very Good,6579,7.13,7.19,4.5
227,0.92,Very Good,4254,6.17,6.21,3.9
228,0.7,Premium,1844,5.74,5.79,3.51
229,0.44,Premium,1040,4.91,4.88,3
230,0.56,Ideal,1580,5.32,5.35,3.25
231,0.26,PREMIUM,468,4.12,4.17,2.48
232,1.01,Very Good,7448,6.34,6.38,4.01
233,0.7,Good,2190,5.8,5.84,3.37
234,0.52,Premium,1076,,5.28,3.1
235,0.3,Ideal,753,4.27,4.32,2.69
236,1.01,Premium,6097,6.45,6.38,3.98
237,0.72,Ideal,3947,5.78,5.81,3.54
238,2.03,ideal,13182,8.32,8.2,4.96
239,0.7,Premium,2459,5.9,5.86,3.43
240,0.71,Very Good,2062,5.59,5.69,3.57
241,1.51,Very Good,6914,7.31,7.27,4.61
242,1.01,Ideal,8029,6.51,6.55,3.98
243,1.09,Ideal,4733,6.57,6.62,4.07
244,1.01,Premium,4808,6.53,6.49,3.97
245,1.54,Premium,11663,7.31,7.33,4.53
246,0.41,Ideal,1123,4.8,4.82,2.93
247,0.73,Ideal,4142,5.72,5.78,3.58
248,0.77,Premium,2780,5.9,5.93,3.62
249,1.21,premium,,6.89,6.85,4.23
250,0.92,Very Good,3170,6.18,6.22,3.88
251,1.2,Premium,4274,6.73,6.67,4.21
252,2.03,Very Good,18115,8.23,8.28,4.85
253,,,1407,5.11,5.03,3.21
254,0.8,Ideal,3066,5.94,5.99,3.73
255,1.34,Premium,7780,7.13,7.07,4.33
256,0.41,Very Good,791,4.7,4.75,2.97
257,1.05,Premium,4139,6.52,6.58,4.03
258,0.9,Premium,3689,6.29,6.21,3.72
259,0.5,Very Good,1054,5.04,5.08,3.18
260,0.4,Ideal,907,4.74,4.7,2.95
261,0.3,Ideal,710,4.3,4.31,2.69
262,1.52,Very Good,9290,7.46,7.49,4.48
263,1,Good,5051,6.5,6.58,3.76
264,1.46,Ideal,10302,7.28,7.2,4.51
265,1.01,Good,5418,6.23,6.31,4.04
266,0.35,,1116,4.56,4.52,2.77
267,0.79,Very Good,3432,5.96,üòÑ,3.57
268,0.34,Premium,574,4.55,4.51,2.72
269,1.11,Premium,5433,6.64,6.61,4.14
270,1.04,Premium,9505,6.53,6.49,4.01
271,0.72,Ideal,3759,5.75,5.78,3.56
272,0.52,Ideal,1576,5.17,5.22,3.14
273,1.01,Premium,4395,6.59,6.51,3.85
274,1.52,Premium,7341,7.35,7.33,4.59
275,0.41,Ideal,994,4.82,4.79,2.94
276,0.7,Premium,2576,5.75,5.69,3.49
277,1.03,Fair,3530,6.32,6.26,4.13
278,0.93,Very Good,4879,,6.21,3.84
279,0.51,Ideal,1882,5.17,5.15,3.18
280,0.27,Ideal,599,4.15,4.17,2.57
281,1,Premium,3858,6.47,6.44,3.9
282,1.02,GOOD,3940,6.49,6.57,3.8
283,0.61,Premium,1793,5.53,5.44,3.27
284,0.51,Ideal,1548,5.11,5.15,3.2
285,0.9,Premium,4052,6.14,6.08,3.84
286,0.32,,814,4.38,4.4,2.75
287,0.2,Premium,367,3.81,3.78,2.32
288,2.03,Premium,18477,8.24,8.16,0
289,0.32,Ideal,936,4.41,4.38,2.72
290,1.02,Premium,6416,6.44,6.41,3.95
291,1.71,Ideal,13190,7.64,7.68,4.78
292,1.21,Fair,4637,6.69,6.62,4.29
293,0.77,Ideal,2729,5.89,5.92,3.62
294,0.71,Premium,2858,5.76,5.69,3.49
295,1.1,Good,4457,,6.74,4.06
296,1,Good,3965,6.34,6.29,4.06
297,1.01,Fair,3856,6.14,6.23,4
298,0.84,Ideal,2986,6.02,6.05,3.74
299,1.21,Premium,6098,6.99,6.95,4.1
300,0.38,Premium,1069,4.7,4.65,2.84
301,1.02,Very Good,4718,6.41,6.37,4.05
302,1,Premium,3450,6.3,6.23,3.94
303,0.72,Ideal,3093,5.76,5.74,3.57
304,,Very Good,2198,5.66,5.61,3.56
305,0.4,Very Good,895,4.75,4.66,2.97
306,0.35,Ideal,,4.52,4.48,2.8
307,0.34,Ideal,723,4.53,4.56,2.77
308,0.7,Very Good,2535,5.61,5.56,3.53
309,1,Good,7026,6.4,6.46,3.9
310,0.52,Very Good,2314,5.11,5.15,3.18
311,1.02,Good,3633,6.3,6.21,4.02
312,1.01,Premium,4197,6.48,6.44,3.94
313,,Good,667,4.69,4.73,2.92
314,0.51,Ideal,988,5.14,5.18,3.18
315,0.7,Very Good,,5.73,5.86,3.46
316,0.44,Very Good,891,4.87,4.83,3.06
317,1.02,Premium,9550,6.41,6.36,4
318,0.9,Ideal,3445,6.21,6.16,3.88
319,0.3,Ideal,814,4.26,4.29,2.65
320,0.57,Ideal,1981,5.32,5.34,3.29
321,2,Good,16425,,8.11,4.88
322,0.53,,1038,5.22,5.26,3.22
323,0.31,Premium,789,4.3,4.34,2.68
324,0.5,very good,1133,5.06,5.15,3.11
325,1.51,,6596,7.19,7.08,4.72
326,0.76,,2954,5.88,5.92,3.64
327,0.71,Very Good,2462,5.58,5.77,3.58
328,0.33,Premium,521,4.38,4.41,2.74
329,1.02,Good,5816,6.38,6.41,4.07
330,0.32,Ideal,454,4.39,4.42,2.72
331,0.52,Very Good,1420,5.17,5.23,3.18
332,1.16,Very Good,4869,6.63,6.69,4.17
333,0.5,Ideal,1819,5.09,5.05,3.19
334,0.31,Ideal,987,4.38,4.41,2.72
335,0.31,Very Good,680,4.32,4.35,0
336,1.27,IDEAL,7219,7.08,,4.25
337,1.12,Ideal,6962,6.64,6.68,4.11
338,0.52,Ideal,1151,5.14,5.12,3.23
339,0.71,Good,2207,5.61,5.54,3.57
340,1.01,Good,3852,6.31,6.35,4.03
341,0.32,Ideal,673,4.36,4.39,2.71
342,1.75,Good,13047,7.92,7.97,4.63
343,0.54,Premium,1090,5.21,5.24,3.21
344,1.07,Premium,5424,6.56,6.52,4.06
345,,Good,957,4.68,4.72,3.02
346,0.43,Ideal,954,4.86,4.89,0
347,0.31,Premium,734,4.32,4.36,2.69
348,0.92,Ideal,4405,6.2,6.17,3.87
349,1.24,Ideal,11503,6.86,6.91,4.28
350,0.3,Very Good,878,4.23,4.2,2.66
351,0.61,Premium,1255,5.42,5.42,3.31
352,1.54,Ideal,14278,7.45,7.46,4.57
353,0.73,Premium,2409,5.87,5.78,3.54
354,1.31,Premium,4548,7.03,6.98,4.32
355,0.91,Very Good,3169,6.13,6.2,3.85
356,0.54,Ideal,1681,5.22,5.14,3.25
357,0.7,Premium,,5.65,5.62,3.52
358,1.16,x,7962,6.72,6.76,4.17
359,1.32,very good,7125,7.02,7.06,4.26
360,1.01,Ideal,6618,6.45,6.4,3.97
361,,premium,524,4.37,4.42,2.69
362,0.35,Premium,767,4.52,4.55,2.74
363,1.5,Good,13720,7.21,7.12,4.57
364,0.4,Premium,990,4.75,4.74,2.9
365,1.01,Premium,4989,6.53,6.45,3.86
366,1.2,Premium,10053,6.89,6.81,4.16
367,,Good,1556,5.55,5.62,3.53
368,2.01,Ideal,15729,7.75,7.65,5.14
369,0.8,premium,2553,5.97,5.93,3.72
370,1.2,Very Good,4752,6.82,6.87,4.2
371,1.23,Ideal,7299,6.86,6.89,4.26
372,1.05,Premium,3828,6.58,6.66,3.98
373,0.71,Ideal,4042,5.73,5.77,3.57
374,1.01,Ideal,4556,6.54,6.58,3.89
375,1.13,Premium,5012,6.65,6.62,4.16
376,0.37,PREMIUM,833,4.64,4.59,2.85
377,0.3,Ideal,491,4.28,4.31,0
378,0.9,VERY GOOD,4269,6.15,6.21,3.79
379,0.57,Ideal,2682,5.27,,3.31
380,1,Ideal,7744,6.45,6.47,3.93
381,0.51,Fair,1071,5.04,5.02,3.28
382,0.51,Ideal,2085,5.17,,3.16
383,0.3,Premium,675,4.29,4.23,2.65
384,0.51,Very Good,1668,5.12,,3.22
385,0.7,Ideal,3068,5.65,5.69,3.55
386,1.5,Premium,10962,7.27,7.18,4.52
387,0.31,Good,544,4.22,4.29,2.7
388,0.35,Very Good,798,4.45,4.47,2.79
389,1,Ideal,6261,6.42,6.36,3.96
390,1.02,Ideal,5251,6.47,6.49,3.94
391,,Very Good,6699,6.42,6.45,3.9
392,0.91,Ideal,4160,6.19,6.27,3.85
393,0.51,Premium,1656,5.12,,3.17
394,0.58,Premium,1332,5.51,5.48,3.21
395,1.01,Ideal,6439,6.42,6.46,3.99
396,0.29,Very Good,471,4.25,4.28,2.64
397,1.5,Premium,8736,7.34,7.3,4.48
398,0.24,Very Good,478,4.03,4.06,2.45
399,0.54,Very Good,1662,5.29,5.36,3.17
400,1.71,Ideal,9618,7.67,7.61,4.73
401,0.9,Premium,3459,6.15,6.08,3.82
402,2.06,Very Good,13948,8.14,8.2,5.05
403,,Ideal,732,4.38,4.36,2.71
404,1.29,Ideal,10614,6.94,6.97,4.34
405,1.2,Premium,3830,6.91,6.81,4.18
406,0.31,Very Good,625,4.27,4.3,2.69
407,0.75,Premium,3108,5.97,5.91,3.56
408,0.4,Ideal,612,4.72,4.77,2.93
409,1.07,Ideal,5123,6.68,6.61,4.05
410,0.71,Good,2315,5.58,5.65,3.57
411,0.4,Very Good,938,4.68,4.64,2.94
412,0.73,Ideal,2712,5.8,5.76,3.59
413,1.04,Ideal,6260,6.49,6.52,0
414,1.11,Premium,4581,6.61,6.63,4.14
415,0.32,Ideal,1080,4.44,4.37,2.68
416,1.02,Ideal,7192,6.49,,3.99
417,0.3,Good,447,4.26,4.29,2.71
418,0.35,Premium,827,4.59,4.56,2.75
419,1.06,Ideal,4449,6.51,6.56,4.07
420,0.36,Ideal,1163,4.58,4.6,2.83
421,1.71,Ideal,16618,7.74,7.59,4.76
422,0.54,Very Good,1163,5.19,5.24,3.23
423,0.7,Very Good,2513,5.87,5.95,3.44
424,0.9,Premium,3084,6.3,6.24,3.73
425,0.42,Premium,1221,4.86,4.83,2.89
426,1.33,Premium,6668,7.13,7.17,4.28
427,0.52,Very Good,1572,5.08,5.13,3.24
428,,Ideal,4800,6.45,,4.04
429,0.7,very good,2290,5.76,5.79,3.47
430,2.05,Premium,15897,8.07,8.12,5.06
431,0.31,Ideal,565,4.32,4.36,2.7
432,0.59,Ideal,1783,5.41,5.43,3.33
433,1,Ideal,4956,6.45,6.38,3.99
434,0.32,Ideal,758,4.37,4.41,2.73
435,1.07,Very Good,7611,6.67,6.69,4.01
436,1.19,Premium,5622,6.85,6.8,4.18
437,0.9,Very Good,3209,6.12,6.2,3.85
438,0.35,Ideal,601,,4.49,2.78
439,1,Fair,4798,6.07,,4.02
440,0.23,Very Good,478,3.96,3.98,2.43
441,0.3,Ideal,742,4.31,4.34,2.7
442,,Ideal,,,,2.71
443,0.46,Ideal,1637,4.92,4.95,3.09
444,1.01,Good,3399,6.28,6.35,3.9
445,0.51,Ideal,2083,5.12,5.17,3.2
446,0.6,Premium,1433,5.49,5.44,3.32
447,,Very Good,3452,6.16,6.13,3.88
448,1.02,Premium,5038,6.53,6.5,3.86
449,,Premium,11413,8.03,7.95,4.92
450,0.4,Premium,1050,4.75,4.71,2.89
451,1,Very Good,6048,6.39,6.27,4.01
452,1.2,Ideal,10214,6.89,6.84,4.21
453,0.7,,2777,5.71,5.64,3.47
454,0.41,Very Good,1018,4.76,4.8,2.95
455,1.04,Premium,2870,6.47,6.45,3.98
456,0.78,Very Good,2477,6.04,6.11,3.54
457,0.57,Premium,941,5.25,,3.28
458,1.38,Premium,6646,7.13,7.08,4.41
459,0.32,Very Good,886,4.38,4.4,2.7
460,,,1592,,,
461,0.76,Very Good,2206,5.86,5.91,3.6
462,,,752,,,
463,0.35,Ideal,715,4.53,,2.8
464,,Good,,,,4.04
465,2.01,Premium,13400,8.13,8.08,4.86
466,0.47,Ideal,2113,5,5.02,3.09
467,1.02,Good,6058,6.38,,4.04
468,0.31,Premium,1046,4.34,,2.65
469,1.51,Premium,11666,7.3,7.27,4.59
470,2,Fair,15540,8.16,8.04,4.86
471,0.77,Ideal,5251,5.87,5.95,3.64
472,0.23,Good,442,3.97,4.01,2.44
473,0.32,Premium,645,4.33,4.37,2.71
474,1.13,Premium,5338,6.73,6.68,4.12
475,0.51,Premium,1359,5.26,5.23,3.07
476,0.31,,897,4.35,4.38,2.71
477,1.51,Very Good,8916,7.41,7.43,4.5
478,,Ideal,,,,3.73
479,0.91,good,4512,6.12,6.17,3.88
480,2.1,Fair,11946,8.26,8.19,5.05
481,0.32,Ideal,1067,4.41,4.44,2.73
482,0.57,Ideal,2206,5.33,5.3,3.28
483,0.32,Ideal,854,4.4,4.43,2.76
484,2.27,Good,17051,8.47,8.55,5.05
485,0.4,Ideal,1397,4.73,4.7,2.9
486,0.28,Very Good,522,4.18,4.21,2.62
487,0.71,Ideal,2308,5.74,5.78,3.54
488,0.3,Ideal,499,4.29,4.31,2.68
489,0.32,Very Good,630,4.33,4.36,2.78
490,2.05,Very Good,14071,8.1,8.12,5.09
491,0.33,Good,579,4.41,4.43,2.8
492,0.53,Very Good,1852,5.28,5.39,3.12
493,1.21,Ideal,6659,6.87,6.85,4.19
494,0.3,Premium,675,4.28,4.24,2.64
495,0.24,Ideal,526,3.99,4.02,2.5
496,0.58,Fair,1088,5.31,5.24,3.41
497,2.09,Premium,12377,8.19,8.15,5.01
498,1.4,Premium,8419,7.21,7.16,4.44
499,0.26,Premium,580,,,2.52
500,0.5,Ideal,1008,5.13,,3.16
501,0.72,,2691,5.76,,3.6
502,0.4,Good,882,4.68,4.63,2.96
503,1.01,Ideal,6516,6.49,6.45,3.98
504,0.33,Ideal,738,4.47,4.5,2.76
505,1.75,Ideal,11609,7.7,7.73,4.78
506,0.3,Premium,710,4.28,4.32,2.66
507,1.2,Ideal,6968,6.92,6.87,4.21
508,1.2,Ideal,11839,6.81,6.77,4.22
509,1.12,Very Good,8564,6.58,6.61,4.13
510,,Ideal,13230,7.11,7.16,4.39
511,0.71,Premium,2792,5.7,5.75,3.54
512,2.06,Premium,14863,8.11,8.07,5.05
513,0.3,Ideal,581,4.34,4.38,2.68
514,1.21,Very Good,11455,6.89,6.92,4.21
515,1.01,Ideal,8869,6.47,6.5,3.94
516,1.26,Ideal,6597,6.89,6.92,4.32
517,0.3,Ideal,407,4.28,4.31,2.7
518,0.3,Very Good,642,4.27,4.24,2.69
519,0.54,Premium,1667,5.39,5.34,3.12
520,0.84,Fair,2782,6.39,6.2,3.47
521,2.09,Ideal,15172,8.31,8.22,5.06
522,0.7,Very Good,2507,5.65,5.7,3.56
523,1.02,Ideal,4478,,6.39,4.04
524,0.43,Ideal,710,4.89,4.91,3.03
525,1.2,Good,8380,6.74,6.68,4.27
526,0.31,good,749,4.31,4.26,2.73
527,1.03,Premium,5579,6.53,6.46,3.96
528,,Ideal,,,,2.98
529,0.3,Very Good,613,,4.25,2.71
530,0.53,Ideal,1236,5.16,5.19,3.21
531,0.9,Premium,4022,6.25,6.2,3.71
532,0.98,Fair,2777,6.05,5.97,4.08
533,0.8,Very Good,2652,5.93,5.98,3.66
534,0.4,Ideal,972,4.73,4.8,2.91
535,1.5,Very Good,13710,7.29,7.34,4.51
536,0.74,Very Good,3138,5.76,5.82,3.56
537,,,684,,,
538,0.51,Very Good,1599,5.05,,3.18
539,0.41,Premium,755,4.78,4.82,2.93
540,1.04,Ideal,4484,6.51,6.47,4.04
541,2,Very Good,12768,7.99,8.07,4.88
542,1.01,Premium,4327,6.55,6.47,3.94
543,2.03,Ideal,13357,8.06,8.1,5.06
544,1.01,Good,5988,6.33,6.36,4.01
545,0.9,Ideal,4001,6.17,6.24,3.82
546,0.31,Ideal,625,4.33,4.35,2.71
547,1.3,Premium,6334,7.06,7,4.33
548,0.53,Good,1363,5.17,5.12,3.28
549,0.7,Ideal,2100,5.66,5.6,3.54
550,0.58,IDEAL,2233,5.43,,3.28
551,0.77,Ideal,2885,5.9,5.93,3.64
552,1.02,Very Good,6582,6.37,6.43,4.05
553,1.02,Very Good,4704,6.36,6.4,4.01
554,0.52,Very Good,2035,5.11,5.13,3.22
555,0.31,Ideal,802,4.36,4.34,2.69
556,0.32,Premium,702,5304,4.43,2.67
557,0.78,Ideal,3601,5.92,6,3.68
558,1.58,Premium,11786,7.68,7.64,4.46
559,,Good,,,,2.98
560,0.56,Ideal,1580,5.3,5.33,3.28
561,0.71,Premium,1774,5.73,5.71,3.53
562,,Premium,,,,4.03
563,0.6,Good,1793,5.31,5.38,3.43
564,1.16,Very Good,8520,6.63,6.7,4.14
565,1.08,Ideal,5172,6.54,,4.07
566,0.74,IDEAL,4157,5.79,5.84,3.59
567,0.3,Premium,570,4.28,4.31,2.65
568,0.31,Premium,408,,4.39,2.65
569,1.12,very good,4312,6.73,,4.09
570,0.73,Premium,2703,5.76,5.7,3.59
571,1.21,Ideal,5882,6.84,6.79,4.24
572,0.84,Premium,4365,6.15,6.06,3.7
573,1.01,Ideal,5375,6.41,6.38,4.02
574,0.31,ideal,,4.32,4.3,2.69
575,0.7,Very Good,3239,5.7,5.74,0
576,0.7,Very Good,2230,5.66,5.7,3.5
577,0.51,Premium,,5.24,5.21,3.11
578,0.53,Ideal,2860,,5.2,3.2
579,0.91,Very Good,3531,6.27,6.32,3.78
580,1.52,Fair,7702,7.7,7.62,4.31
581,,Ideal,6426,6.63,,4.02
582,0.63,Ideal,1423,5.51,5.54,3.43
583,0.74,Ideal,3454,5.79,5.81,3.59
584,0.85,Fair,1324,6.2,6,3.73
585,0.5,Very Good,1987,5.16,5.11,3.06
586,0.51,Ideal,1687,5.48,5.18,3.16
587,1.7,Very Good,11431,7.76,7.83,4.75
588,0.48,Fair,1215,4.94,4.92,3.2
589,1.24,Premium,5382,,6.95,4.18
590,0.42,Ideal,1087,4.83,4.8,2.97
591,0.77,Ideal,3066,5.9,5.93,3.63
592,1.01,Good,3620,6.3,6.21,3.98
593,0.31,Premium,639,4.49,4.42,2.59
594,0.3,Ideal,776,4.32,4.28,2.67
595,1.21,Good,5252,,6.71,4.18
596,0.3,Ideal,408,4.41,4.43,2.65
597,2.02,Very Good,16179,8.09,8.18,5.14
598,1.01,Very Good,4890,6.39,6.43,3.83
599,0.61,Ideal,2659,5.42,5.46,3.39
600,0.3,Very Good,427,4.33,4.38,2.66
601,1.38,Very Good,6494,7.06,7.11,4.44
602,0.73,Ideal,3255,5.76,5.81,3.58
603,1.23,Ideal,6449,,6.88,4.26
604,1.21,Very Good,4929,,6.97,4.16
605,0.56,Very Good,1408,5.32,,3.26
606,0.57,Premium,1728,5.28,5.23,3.3
607,0.52,Ideal,1042,5.28,5.31,3.16
608,0.7,Ideal,1702,5.74,5.77,3.54
609,0.4,Ideal,1172,4.72,4.74,2.92
610,1.66,Premium,9882,-22,7.58,4.73
611,0.34,Premium,803,4.54,4.5,2.72
612,1.01,Premium,8319,6.46,6.42,3.98
613,0.7,Ideal,2670,5.65,5.7,3.55
614,1.06,Very Good,5520,6.51,6.42,4.1
615,1.2,Ideal,13597,6.83,6.78,4.19
616,0.58,Ideal,1600,5.3,5.34,3.32
617,0.32,Ideal,421,4.35,4.38,2.73
618,0.74,Good,2824,5.73,5.75,3.62
619,0.26,ideal,769,4.1,4.08,2.52
620,1.06,Ideal,3977,6.61,6.59,4
621,0.41,Ideal,904,4.75,4.71,2.97
622,1.01,Ideal,4129,6.47,6.43,3.98
623,1.5,Good,8161,7.12,7.16,4.49
624,0.62,Ideal,2562,5.51,5.54,3.37
625,0.38,Premium,812,4.68,4.62,2.84
626,0.53,Ideal,1743,5.27,5.3,3.2
627,1.78,Premium,11262,7.93,7.87,4.67
628,0.71,Very Good,2375,5.74,5.69,3.54
629,,Premium,14184,8.11,8.06,5.08
630,1.14,Premium,5273,6.68,,4.19
631,0.34,Ideal,1014,4.48,4.52,2.79
632,0.62,Ideal,1934,5.49,5.51,3.39
633,0.26,Ideal,769,4.11,4.1,2.56
634,,Premium,5105,6.62,6.58,3.91
635,1.05,Ideal,5436,6.48,6.5,4.03
636,0.55,Ideal,2220,5.26,5.29,3.24
637,1.14,Ideal,5146,6.68,6.73,4.13
638,0.91,Very Good,3664,6.2,6.26,3.8
639,0.9,PREMIUM,3398,,6.21,3.82
640,0.58,Ideal,2006,5.35,5.39,3.31
641,0.3,Ideal,605,4.3,,2.66
642,0.82,Very Good,2954,5.97,5.95,3.76
643,1.02,Very Good,6785,6.45,6.51,3.97
644,0.71,Ideal,2893,5.73,5.75,3.53
645,1.25,Very Good,7414,7,,4.23
646,0.5,FAIR,727,5.01,4.97,3.24
647,0.7,Very Good,1999,5.65,5.62,3.58
648,0.33,Ideal,1002,4.54,4.5,2.74
649,0.61,Ideal,1706,5.4,,3.36
650,0.72,Ideal,2976,0,5.85,0
651,0.4,Ideal,1043,4.73,4.76,2.96
652,0.4,Ideal,772,4.68,4.71,2.91
653,0.56,Premium,1819,5.22,5.3,3.28
654,,Very Good,3918,6.08,,3.89
655,2.06,IDEAL,15970,8.19,8.09,5.1
656,1.24,Ideal,5451,6.83,6.8,4.28
657,0.38,Ideal,873,4.7,4.73,2.86
658,0.31,Ideal,802,4.38,4.35,2.7
659,0.37,Ideal,1292,4.6,4.59,2.85
660,1.1,Premium,4312,6.73,6.69,4.05
661,1.5,Premium,9954,7.48,7.43,0
662,0.31,,635,4.38,4.4,2.72
663,,Good,787,4.63,4.67,2.95
664,0.31,Ideal,924,4.34,4.39,2.69
665,0.23,Good,537,3.94,,2.5
666,1.72,463784638,17765,7.86,7.82,4.66
667,,,827,,,
668,0.35,Ideal,747,4.51,4.55,2.82
669,0.3,Very Good,684,4.28,4.32,2.71
670,1.09,Very Good,10663,6.63,6.69,4.07
671,0.29,Good,617,4.19,4.23,2.64
672,1.54,Premium,8917,7.4,7.34,4.55
673,1.1,Very Good,4689,6.5,6.54,4.11
674,0.3,Premium,776,4.35,,2.63
675,0.4,Premium,966,4.76,4.74,2.94
676,0.73,Very Good,3288,5.83,5.86,3.59
677,0.34,Ideal,974,4.48,4.5,0
678,1.07,Premium,5561,6.68,6.72,3.99
679,1.07,Very Good,6610,6.65,6.76,3.93
680,0.3,Premium,394,4.27,4.32,2.69
681,0.3,Ideal,862,4.27,4.29,2.66
682,0.31,Ideal,988,4.39,4.34,2.69
683,0.6,Good,1378,5.42,5.49,3.28
684,0.34,Ideal,961,817,4.49,2.82
685,2.01,Very Good,13691,7.98,8.07,4.96
686,0.74,Premium,3461,5.79,5.77,3.6
687,0.9,Good,5001,6.1,6.11,3.88
688,0.25,Very Good,548,4.08,4.12,2.53
689,0.33,Premium,780,4.46,4.41,2.68
690,1.62,Premium,8183,7.52,7.44,4.64
691,0.3,Very Good,540,4.31,4.27,2.72
692,,Good,755,4.69,4.73,2.99
693,0.71,Very Good,2104,5.7,5.76,3.57
694,1.32,Premium,5588,7.01,6.95,4.28
695,0.85,Premium,2295,6.12,6.08,3.71
696,1.01,Good,4912,6.34,6.37,4.01
697,0.31,Ideal,853,4.36,4.4,2.7
698,0.9,Premium,3175,6.23,6.19,3.87
699,1.02,Good,4414,6.26,6.2,4
700,0.38,ideal,602,4.7,,2.89
701,1,Ideal,4704,6.38,6.33,3.97
702,1.11,Fair,4873,6.42,6.39,4.14
703,0.42,Good,700,4.77,4.79,3.02
704,0.93,Very Good,4325,6.32,6.37,3.84
705,0.78,Premium,3494,5.86,5.79,3.66
706,0.52,Ideal,1624,5.19,5.16,3.21
707,0.5,Good,1395,4.99,5.03,3.17
708,0.3,Ideal,473,4.33,4.37,2.64
709,0.38,Ideal,695,4.71,4.76,2.87
710,0.7,Ideal,2270,5.73,5.78,3.52
711,0.55,Ideal,1916,5.26,5.3,3.25
712,0.32,Premium,936,4.41,4.37,2.7
713,0.41,Ideal,876,4.8,4.81,2.97
714,0.52,Very Good,1262,5.16,5.19,3.18
715,0.31,Good,544,4.31,4.35,2.74
716,1.01,Very Good,4260,6.45,6.5,3.94
717,0.31,Ideal,571,4.38,4.41,2.7
718,0.33,Premium,928,4.46,4.43,2.71
719,0.32,Ideal,702,4.35,4.4,2.71
720,0.31,Good,826,4.4,4.42,2.6
721,0.55,Ideal,1263,5.26,5.22,3.27
722,1.04,Very Good,5662,6.56,6.59,3.92
723,0.3,Ideal,863,4.34,4.36,2.65
724,1.38,Ideal,5969,,7.16,4.45
725,0.34,Very Good,626,4.5,4.53,2.7
726,1.2,Very Good,8454,6.75,6.8,4.26
727,0.34,Premium,689,4.61,4.55,2.7
728,0.57,Ideal,1432,5.32,5.27,3.32
729,1.06,Ideal,3321,6.62,6.56,4.02
730,1.59,Ideal,7155,7.51,7.44,4.64
731,1.03,Premium,6183,6.44,6.42,4.02
732,0.84,Good,3370,5.89,5.94,3.76
733,2.1,Very Good,18480,8.12,8.19,5.13
734,0.7,Premium,2319,5.73,5.71,3.55
735,1.01,Fair,3991,6.21,6.13,4.12
736,1.28,Premium,6595,6.93,6.87,4.28
737,1.01,Ideal,4276,6.38,6.31,3.95
738,0.41,Premium,827,4.75,4.79,2.93
739,1.7,Premium,8663,7.79,7.75,4.55
740,0.28,Ideal,642,4.2,4.24,2.59
741,1.15,Ideal,10316,6.76,6.82,4.15
742,0.53,Ideal,1920,,5.23,3.23
743,0.39,Ideal,1100,4.67,4.7,2.91
744,0.5,IDEAL,1127,5.13,5.15,3.13
745,0.33,Premium,450,4.53,,2.69
746,1.01,Good,5646,6.33,6.36,4.06
747,0.3,,545,4.28,4.32,2.67
748,1.01,Very Good,6997,6.39,6.45,3.99
749,0.74,Premium,2398,5.77,5.75,3.63
750,0.41,Ideal,1367,4.77,4.79,2.93
751,0.24,IDEAL,552,3.97,4.02,2.47
752,0.53,Very Good,1370,5.22,5.24,3.23
753,0.92,Good,4086,6.14,6.09,3.89
754,0.53,Ideal,2030,5.16,6.2,3.25
755,0.64,Ideal,2766,5.53,5.56,3.43
756,0.71,Very Good,2333,5.67,5.7,3.52
757,1.56,Premium,14139,7.49,7.53,4.57
758,0.7,Good,2405,5.69,5.71,3.46
759,1.27,Premium,4660,7.04,7,4.24
760,2,Good,15851,8.1,8.03,4.74
761,2.14,Premium,17673,8.38,8.32,5.04
762,,Ideal,462,4.35,4.38,2.72
763,,ideal,1689,5.12,5.15,3.22
764,0.35,Ideal,923,4.55,4.58,2.79
765,1.6,Premium,8630,7.59,7.51,4.59
766,1.27,Ideal,6858,7.02,7.05,4.23
767,0.7,Premium,2777,5.73,5.68,3.49
768,,Good,10184,7.92,7.88,5.06
769,0.27,Very Good,620,4.18,4.21,2.6
770,0.92,Very Good,3713,6.18,6.22,3.87
771,0.56,Ideal,2622,5.26,5.3,0
772,0.3,premium,526,4.28,4.3,2.68
773,1.01,Ideal,4239,6.49,6.55,3.95
774,0.51,Ideal,1573,5.11,5.14,3.16
775,0.34,Premium,689,4.51,4.48,2.74
776,1.11,Premium,4177,6.66,6.61,4.09
777,0.51,Premium,1546,5.11,5.09,3.18
778,0.53,Very Good,1268,5.15,5.18,3.25
779,0.38,GOOD,967,4.57,4.62,2.91
780,0.7,,3309,5.69,5.72,3.5
781,,Premium,,,,4.94
782,1.23,Good,5834,6.76,6.85,4.33
783,2.01,,10401,8.18,8.14,4.78
784,1.08,Premium,4717,6.62,6.58,4.04
785,1.01,Premium,4559,6.48,6.52,3.89
786,1.52,Ideal,11154,7.36,7.32,4.57
787,0.7,Ideal,3167,5.68,5.71,3.54
788,0.41,Ideal,683,4.79,4.83,2.96
789,0.42,Premium,1235,4.87,4.84,2.95
790,0.3,,568,4.25,4.29,2.69
791,0.31,Very Good,625,4.35,,2.6
792,0.31,Good,544,4.32,4.33,2.74
793,0.71,Ideal,2024,5.75,5.7,3.54
794,0.8,Very Good,2862,5.9,5.92,3.7
795,1.21,VERY GOOD,6189,6.75,6.8,4.26
796,0.52,Very Good,1767,5.21,5.26,3.12
797,1.02,Ideal,4685,6.47,6.49,3.97
798,0.72,Very Good,2578,5.75,5.77,3.57
799,0.31,Good,462,4.27,,2.71
800,0.37,Very Good,649,4.55,4.59,2.87
801,0.32,Premium,576,4.44,4.39,2.7
802,1.15,IDEAL,5125,6.77,6.83,4.13
803,0.32,Good,432,4.36,4.39,2.76
804,,Ideal,1429,5.18,5.22,3.18
805,1.01,Premium,3897,6.47,6.41,3.86
806,0.46,Ideal,1018,4.97,4.93,3.06
807,1.7,Ideal,18279,7.62,7.67,4.66
808,0.92,Premium,2698,6.18,6.13,3.88
809,1.27,Ideal,6396,6.86,6.89,4.32
810,0.32,Good,612,4.34,4.33,2.76
811,0.31,Very Good,680,4.31,4.34,2.67
812,0.91,Ideal,3772,6.13,6.18,3.85
813,2.25,premium,15397,8.52,8.42,0
814,0.54,Good,1154,5.15,5.22,3.28
815,0.51,Ideal,1974,5.18,,3.16
816,2.01,Good,15371,7.94,8.01,4.96
817,0.9,very good,4643,6.07,6.15,3.85
818,1.07,Ideal,4686,6.59,6.55,4.04
819,0.46,Very Good,1345,5.05,5.1,2.99
820,1.35,Premium,10962,7.06,7.02,4.36
821,0.3,Premium,658,4.29,4.33,2.67
822,0.7,Very Good,2396,5.72,5.65,3.39
823,1.5,Ideal,14067,7.25,7.32,4.54
824,1,Premium,4295,,6.41,3.91
825,0.7,Very Good,,5.65,5.69,3.56
826,1.65,Premium,9693,7.7,7.65,4.64
827,0.27,,500,4.15,4.18,2.59
828,0.33,Very Good,572,4.38,4.36,2.76
829,0.32,premium,720,4.41,4.37,2.72
830,0.25,Ideal,438,4.01,4.07,2.53
831,1.27,Ideal,8256,6.92,6.96,4.31
832,0.92,Premium,4350,6.21,6.27,3.89
833,0.72,Very Good,2832,5.71,,3.58
834,0.5,Very Good,1755,5.02,5.08,3.16
835,0.7,Very Good,4244,,5.71,3.57
836,0.3,Ideal,956,4.35,4.31,2.69
837,0.33,Premium,723,4.42,4.46,2.73
838,1.14,Ideal,11206,6.68,6.73,4.13
839,0.36,Very Good,753,4.57,a,2.84
840,0.76,Ideal,3050,5.82,5.9,3.6
841,0.53,VERY GOOD,2175,5.2,5.22,3.2
842,0.41,Ideal,1061,4.76,4.73,2.96
843,1.22,Ideal,9203,6.87,6.92,4.23
844,0.7,,2352,5.71,5.68,3.53
845,0.33,Very Good,579,4.41,4.44,2.75
846,1.06,Ideal,5748,6.53,6.58,4.04
847,0.3,Ideal,507,4.29,4.32,2.66
848,0.57,IDEAL,1914,5.28,5.31,3.31
849,0.3,Premium,552,4.28,4.31,2.67
850,1.06,Very Good,6217,6.68,6.63,3.95
851,1.14,Ideal,5392,6.7,6.73,4.13
852,1.11,Ideal,8400,6.62,6.65,4.09
853,,Ideal,469,4.62,4.66,2.85
854,0.7,Ideal,2294,5.65,5.7,3.55
855,1.74,Good,8731,7.82,7.71,4.67
856,,Ideal,16560,8.07,8.09,4.99
857,0.73,Very Good,2473,5.83,5.9,3.5
858,0.41,Ideal,1276,4.76,4.77,2.96
859,1.22,Ideal,5261,6.87,6.83,4.24
860,0.4,Premium,,4.76,4.81,2.91
861,0.9,Ideal,2634,6.2,6.13,3.81
862,0.79,Ideal,4180,5.93,5.96,3.68
863,1.51,Good,8313,7.22,7.26,4.61
864,0.3,Ideal,949,4.27,4.3,2.65
865,0.36,Premium,852,4.59,4.62,2.81
866,0.53,Ideal,1813,5.3,5.24,3.16
867,0.7,Very Good,2882,5.62,5.65,3.54
868,1.01,Good,4466,6.32,6.22,4.02
869,0.75,Ideal,2726,5.85,5.89,3.54
870,1.96,Fair,5554,7.59,7.56,5.04
871,0.4,Premium,877,4.74,4.79,2.9
872,0.56,Ideal,1662,,,3.26
873,0.7,Very Good,2155,5.73,5.8,3.49
874,1.19,Ideal,6275,6.77,6.81,4.2
875,2.14,Very Good,16914,8.41,8.48,5.04
876,1.03,Premium,4384,6.61,6.53,3.99
877,0.32,Ideal,720,4.41,4.37,2.75
878,0.5,Ideal,1628,5.13,5.16,3.18
879,0.76,Ideal,2474,5.81,5.87,3.64
880,0.33,Very Good,463,4.41,4.42,2.78
881,1.7,Premium,13298,7.6,7.54,4.72
882,0.9,Very Good,3388,6.12,6.16,3.87
883,0.3,Good,394,4.23,4.25,2.69
884,1.27,Ideal,5308,6.9,6.95,4.3
885,1.06,Premium,4571,6.6,6.54,4.04
886,0.33,Ideal,901,4.45,4.43,2.78
887,0.27,Ideal,627,4.17,4.2,2.56
888,0.56,Ideal,1915,5.3,5.33,3.28
889,0.32,Ideal,599,4.4,4.43,2.73
890,0.71,Ideal,3252,5.71,5.76,3.56
891,0.56,Ideal,1855,5.33,5.36,3.25
892,0.33,Premium,594,4.53,4.48,2.69
893,0.71,Very Good,2201,5.65,5.67,3.55
894,,Good,3669,6,6.06,3.93
895,0.9,Very Good,3880,6.18,6.25,3.83
896,0.37,Ideal,876,4.64,4.67,2.86
897,0.91,Premium,5101,6.32,6.25,3.81
898,1.31,Ideal,8583,7.06,7,4.32
899,0.52,Ideal,1815,5.16,5.14,3.23
900,0.7,Ideal,2298,5.67,5.72,3.52
901,0.74,Very Good,2617,5.8,5.76,3.65
902,1,Good,4851,6.27,6.31,4
903,0.3,Ideal,710,4.3,4.35,0
904,0.31,Very Good,680,4.29,4.33,2.71
905,0.31,Ideal,544,4.3,4.37,2.69
906,0.4,Premium,900,4.71,,2.94
907,0.71,Ideal,3007,5.73,5.76,3.54
908,,Ideal,628,4.36,4.38,2.71
909,0.73,Premium,2770,5.87,5.82,3.55
910,1.5,Premium,10087,7.28,7.23,4.55
911,0.64,Good,1140,,5.69,3.28
912,2.47,Premium,14970,8.65,8.6,5.39
913,1.6,Premium,10064,7.54,7.49,4.65
914,0.45,Ideal,1027,4.99,4.97,3.02
915,0.91,Very Good,4141,6.2,6.22,3.85
916,1.01,Very Good,4821,6.46,6.5,3.83
917,1.7,Premium,10910,7.61,7.56,4.73
918,1.02,Very Good,,6.48,6.57,3.95
919,,Ideal,828,4.41,4.4,2.72
920,0.44,Premium,1238,4.91,4.88,2.97
921,0.71,Ideal,2416,5.71,5.75,3.53
922,1.01,Very Good,5305,6.3,6.38,4.06
923,0.82,Fair,2358,,5.81,3.8
924,0.32,Ideal,841,4.42,4.44,2.76
925,1.01,Premium,3083,6.47,6.43,3.83
926,0.5,Ideal,1415,5.13,5.09,3.15
927,,Premium,2065,5.5,5.47,3.37
928,1.27,Premium,5547,6.93,6.85,4.29
929,0.52,Ideal,1374,5.17,5.19,3.19
930,0.43,Ideal,868,4.88,4.91,2.99
931,2,Good,17930,8.14,8.18,4.82
932,0.32,premium,702,4.44,4.48,2.7
933,0.5,GOOD,1436,,5.06,3.19
934,1.06,Very Good,7132,6.52,6.56,4.04
935,0.72,Premium,2492,,5.82,3.51
936,2.01,Good,15618,8.22,8.18,4.99
937,0.7,Very Good,3173,5.55,5.66,3.58
938,0.33,Ideal,810,4.44,4.49,2.74
939,1.21,Very Good,7906,6.96,7.03,4.16
940,0.65,Ideal,1276,5.58,5.62,3.44
941,0.9,Premium,3992,6.16,6.13,3.86
942,0.98,Ideal,3873,6.35,6.39,3.99
943,0.58,Ideal,2088,5.38,5.32,3.32
944,0.3,Premium,911,4.26,4.23,2.67
945,0.32,Premium,612,4.35,‚†É‚†ó‚†ä‚†á,2.71
946,0.4,Very Good,526,,4.79,2.93
947,nan,Premium,4805,6.4,6.3,3.99
948,0.78,Very Good,2307,5.88,5.95,3.63
949,0.41,Good,947,4.72,,3
950,0.5,Premium,1624,5.07,,3.13
951,1.25,Ideal,6608,7.03,7,4.24
952,1.01,Premium,4191,6.54,,3.78
953,0.73,Very Good,3856,5.72,5.75,3.57
954,0.5,Premium,770,5.15,5.07,3.1
955,1.24,Ideal,8299,6.85,6.88,4.26
956,1.04,Premium,4601,6.6,6.57,4
957,0.54,Premium,1715,5.22,5.18,3.24
958,,Ideal,8574,6.92,6.96,4.27
959,0.33,Ideal,534,4.43,4.45,2.76
960,1.16,Premium,5016,6.69,6.65,4.16
961,0.32,Good,612,4.33,4.31,2.76
962,0.73,Very Good,3442,5.72,5.84,3.58
963,0.5,Very Good,1629,,5.03,3.21
964,0.72,Good,1609,5.64,5.58,3.58
965,0.55,Premium,1746,5.27,5.23,3.28
966,0.42,Ideal,838,4.85,4.83,2.98
967,0.9,Very Good,2686,6.13,6.1,3.87
968,0.9,Fair,3104,6.35,6.42,3.57
969,1.12,Ideal,4990,6.74,6.7,4.12
970,0.93,Premium,2807,6.21,,3.84
971,1.07,Very Good,4949,6.49,6.45,4.08
972,1.27,Premium,13320,,6.93,4.35
973,0.41,Ideal,1115,4.76,4.81,2.94
974,1.54,Fair,10954,7.22,7.18,4.74
975,0.4,Premium,842,4.68,4.72,2.94
976,0.55,Ideal,2064,5.27,5.31,3.22
977,0.3,Premium,776,4.22,,2.64
978,0.31,Ideal,1168,4.37,4.42,2.7
979,1,PREMIUM,5152,6.51,6.45,3.92
980,1.03,Ideal,4434,6.45,6.41,4
981,0.3,Premium,1013,4.29,4.27,2.68
982,,,917,,,
983,0.3,Good,552,4.22,4.25,2.68
984,0.38,Good,886,-123,4.87,2.74
985,0.77,Ideal,3300,5.91,5.94,3.66
986,0.24,Ideal,552,4,4.09,2.49
987,2.06,Good,16512,8.12,8.03,5.14
988,0.5,Premium,1583,5.13,5.07,3.11
989,0.34,Ideal,1109,4.56,4.51,2.76
990,0.43,premium,867,4.83,4.86,2.97
991,1.22,Very Good,6962,6.82,6.8,0
992,1.54,Premium,11795,7.61,7.55,4.5
993,0.67,Ideal,1662,,5.65,3.42
994,0.91,Very Good,4437,6.22,6.26,3.77
995,1.2,Very Good,4838,,6.66,4.22
996,0.4,Ideal,1050,4.77,4.75,2.92
997,0.32,,672,4.42,4.39,2.66
998,1.23,Ideal,13034,6.95,7.03,4.19
999,1.41,Very Good,7339,7.36,7.44,4.33
1000,0.31,good,749,4.31,4.26,2.73
1001,0.44,Premium,1040,4.91,4.88,3
1002,0.98,Fair,2777,6.05,5.97,4.08
1003,0.5,Good,1395,4.99,5.03,3.17
1004,0.79,Ideal,4180,5.93,5.96,3.68
1005,1.08,Ideal,5172,6.54,6.61,4.07
1006,0.53,Very Good,1852,5.28,5.39,3.12
1007,1.6,Premium,10064,7.54,7.49,4.65
1008,0.3,Premium,776,4.35,,2.63
1009,0.46,Very Good,1345,5.05,5.1,2.99
